Unnamed: 0,#,player name,age,throws,class,role,w,l,g,gs,cg,sh,gr,gf,sv,ip,h,r,er,hr,bb,so,wp,bk,hb,era,whip,h9,hr9,bb9,so9,ra9,so/bb,hilvl,mlb years,stat years,draft info,Year
,16,Robby Ahlstrom,21,L,Jr,Starter,2,1,4,4,0,0,0,0,0,23.2,29,16,16,0,7,18,0,0,1,6.08,1.52,11.03,0.0,2.66,6.85,6.08,2.57,AAA,--,2019-2024,2021- 7- 213-NYA,2020
,3,Brett Walker,21,R,Jr,St/Rel,3,0,5,3,0,0,2,0,0,21.1,13,2,2,1,1,10,0,0,1,0.84,0.66,5.48,0.42,0.42,4.22,0.84,10.0,College,--,2018-2022,--,2020
,32,Peyton Fuller,21,R,Jr,Starter,1,0,4,4,0,0,0,0,0,19.0,18,9,6,0,5,17,1,0,4,2.84,1.21,8.53,0.0,2.37,8.05,4.26,3.4,College,--,2018-2023,--,2020
,33,Cullen Kafka,21,R,Jr,Starter,0,1,4,4,0,0,0,0,0,18.1,20,15,10,0,10,16,3,0,3,4.91,1.64,9.82,0.0,4.91,7.85,7.36,1.6,A+,--,2018-2023,2021- 9- 260-COL,2020
,47,Hunter Breault,21,R,Jr,Reliever,1,1,7,0,0,0,7,0,1,9.2,5,1,0,0,5,3,1,0,0,0.0,1.03,4.66,0.0,4.66,2.79,0.93,0.6,AAA,--,2018-2024,2021- 20- 608-OAK,2020
,23,Andrew Mosiello,0,R,Fr,Reliever,0,0,4,0,0,0,4,0,1,9.2,6,5,5,0,3,9,0,0,2,4.66,0.93,5.59,0.0,2.79,8.38,4.66,3.0,College,--,2020-2024,--,2020
,24,Kolby Somers,21,L,Jr,Reliever,1,0,6,0,0,0,6,0,0,8.0,2,0,0,0,2,5,1,0,0,0.0,0.5,2.25,0.0,2.25,5.62,0.0,2.5,College,--,2018-2022,2017- 38-1143-SEA,2020
,7,Nico Tellache,22,L,Sr,Reliever,0,0,6,0,0,0,6,0,0,7.0,7,3,3,1,4,8,1,0,0,3.86,1.57,9.0,1.29,5.14,10.29,3.86,2.0,AAA,--,2017-2023,--,2020
,19,Keaton Chase,0,R,So,Reliever,0,1,7,0,0,0,7,0,0,6.1,7,7,6,0,4,5,1,0,1,8.53,1.74,9.95,0.0,5.68,7.11,9.95,1.25,College,--,2019-2024,--,2020
,41,Decker Stedman,0,L,Fr,Reliever,0,1,4,0,0,0,4,0,0,5.2,4,2,1,0,1,7,3,0,2,1.59,0.88,6.35,0.0,1.59,11.12,3.18,7.0,College,--,2020-2024,--,2020
,22,Christian Ciuffetelli,0,R,So,Reliever,0,2,4,0,0,0,4,0,0,4.2,7,7,6,1,7,5,1,0,1,11.57,3.0,13.5,1.93,13.5,9.64,13.5,0.71,A,--,2019-2024,--,2020
,--,Kenyon Yovan,22,R,--,Reliever,0,0,2,0,0,0,2,0,0,1.1,4,3,3,0,3,0,0,0,0,20.25,5.25,27.0,0.0,20.25,0.0,20.25,0.0,AAA,--,2017-2024,2019- 27- 811-ANA,2020
,39,Hayden Rasica,0,R,Fr,Reliever,0,0,1,0,0,0,1,0,0,1.0,1,0,0,0,1,2,0,0,0,0.0,2.0,9.0,0.0,9.0,18.0,0.0,2.0,College,--,2020-2020,--,2020
,--,Totals,--,--,--,--,8,7,58,15,0,0,43,0,2,135.2,123,70,58,3,53,105,12,0,15,3.85,1.3,8.16,0.2,3.52,6.97,4.64,1.98,--,--,--,0,2020
,#,player name,age,throws,class,role,w,l,g,gs,cg,sh,gr,gf,sv,ip,h,r,er,hr,bb,so,wp,bk,hb,era,whip,h9,hr9,bb9,so9,ra9,so/bb,hilvl,mlb years,stat years,draft info,2021
,16,Robby Ahlstrom,22,L,Jr,Starter,9,3,14,14,0,0,0,0,0,90.0,77,28,25,4,16,92,8,0,5,2.50,1.03,7.70,0.40,1.60,9.20,2.80,5.75,AAA,--,2019-2024,2021- 7- 213-NYA,2021
,3,Brett Walker,22,R,Jr,Starter,6,3,15,15,0,0,0,0,0,83.2,81,41,34,9,26,60,2,3,7,3.66,1.28,8.71,0.97,2.80,6.45,4.41,2.31,College,--,2018-2022,--,2021
,33,Cullen Kafka,22,R,Jr,Starter,5,3,15,15,0,0,0,0,0,78.0,73,38,26,5,35,84,11,0,12,3.00,1.38,8.42,0.58,4.04,9.69,4.38,2.40,A+,--,2018-2023,2021- 9- 260-COL,2021
,23,Andrew Mosiello,0,R,Fr,Rel/St,3,1,21,1,0,0,20,0,2,39.1,34,18,18,4,8,52,5,0,8,4.12,1.07,7.78,0.92,1.83,11.90,4.12,6.50,College,--,2020-2024,--,2021
,1,Isaac Ayon,0,R,Fr,Rel/St,2,1,22,2,0,0,20,0,0,38.0,40,24,22,5,15,44,3,2,4,5.21,1.45,9.47,1.18,3.55,10.42,5.68,2.93,College,--,2021-2022,2023- 20- 585-WAS,2021
,7,Nico Tellache,23,L,Sr,Rel/St,3,0,20,1,0,0,19,0,0,33.2,35,21,20,3,14,37,3,2,0,5.35,1.46,9.36,0.80,3.74,9.89,5.61,2.64,AAA,--,2017-2023,--,2021
,24,Kolby Somers,22,L,Jr,Closer,2,2,20,0,0,0,20,0,11,26.1,14,9,9,1,14,37,4,2,0,3.08,1.06,4.78,0.34,4.78,12.65,3.08,2.64,College,--,2018-2022,2017- 38-1143-SEA,2021
,66,R.J. Gordon,0,R,Fr,Rel/St,3,0,14,3,0,0,11,0,0,19.1,24,10,9,2,9,20,0,1,4,4.19,1.71,11.17,0.93,4.19,9.31,4.66,2.22,College,--,2021-2024,2024- 13- 383-NYN,2021
,47,Hunter Breault,22,R,Jr,Reliever,1,1,15,0,0,0,15,0,0,15.1,19,8,8,4,6,17,0,0,2,4.70,1.63,11.15,2.35,3.52,9.98,4.70,2.83,AAA,--,2018-2024,2021- 20- 608-OAK,2021
,30,Rio Britton,0,L,Fr,Reliever,0,0,15,0,0,0,15,0,0,15.1,11,7,6,1,8,18,2,1,1,3.52,1.24,6.46,0.59,4.70,10.57,4.11,2.25,A,--,2021-2024,2023- 15- 445-ARI,2021
,36,Caleb Sloan,0,R,Rs-So,Reliever,1,2,12,0,0,0,12,0,0,14.2,19,7,7,4,3,18,1,0,0,4.30,1.50,11.66,2.45,1.84,11.05,4.30,6.00,Indy,--,2021-2023,--,2021
,32,Peyton Fuller,22,R,Jr,Starter,1,0,3,3,0,0,0,0,0,11.1,12,3,3,0,6,4,0,0,0,2.38,1.59,9.53,0.00,4.76,3.18,2.38,0.67,College,--,2018-2023,--,2021
,41,Decker Stedman,0,L,So,Reliever,2,0,8,0,0,0,8,0,0,9.1,7,5,5,1,9,12,0,0,1,4.82,1.71,6.75,0.96,8.68,11.57,4.82,1.33,College,--,2020-2024,--,2021
,34,Scott Ellis,0,R,Fr,Reliever,0,0,8,0,0,0,8,0,0,8.0,8,4,4,0,4,5,1,1,0,4.50,1.50,9.00,0.00,4.50,5.62,4.50,1.25,College,--,2021-2024,--,2021
,28,Logan Mercado,0,R,Fr,St/Rel,1,0,2,1,0,0,1,0,0,6.0,4,3,3,0,4,5,0,0,1,4.50,1.33,6.00,0.00,6.00,7.50,4.50,1.25,College,--,2021-2024,--,2021
,22,Christian Ciuffetelli,0,R,So,Reliever,0,0,4,0,0,0,4,0,0,5.2,6,4,4,0,4,7,0,0,1,6.35,1.76,9.53,0.00,6.35,11.12,6.35,1.75,A,--,2019-2024,--,2021
,49,Brayden Spears,0,R,Fr,Reliever,0,0,1,0,0,0,1,0,0,1.0,1,1,1,0,1,1,0,0,1,9.00,2.00,9.00,0.00,9.00,9.00,9.00,1.00,Indy,--,2020-2023,--,2021
,--,Totals,--,--,--,--,39,16,209,55,0,0,154,0,13,495.0,465,231,204,43,182,513,40,12,47,3.71,1.31,8.45,0.78,3.31,9.33,4.20,2.82,--,--,--,0,2021
,#,player name,age,throws,class,role,w,l,g,gs,cg,sh,gr,gf,sv,ip,h,r,er,hr,bb,so,wp,bk,hb,era,whip,h9,hr9,bb9,so9,ra9,so/bb,hilvl,mlb years,stat years,draft info,2009
,12,Erik Stavert,21,R,Jr,Starter,5,6,14,14,1,0,0,0,0,94.2,78,40,32,10,36,82,8,0,13,3.04,1.20,7.42,0.95,3.42,7.80,3.80,2.28,A,--,2009-2011,2009- 7- 211-COL,2009
,13,Tyler Anderson,19,L,Fr,Starter,2,9,15,15,0,0,0,0,0,82.0,98,62,57,9,39,66,8,3,7,6.26,1.67,10.76,0.99,4.28,7.24,6.80,1.69,MLB,2016-2024,2009-2024,2011- 1- 20-COL,2009
,41,Madison Boer,19,R,Fr,St/Rel,1,8,17,10,2,0,7,0,0,62.0,67,53,48,4,31,37,5,1,6,6.97,1.58,9.73,0.58,4.50,5.37,7.69,1.19,AA,--,2009-2016,2011- 2- 87-MIN,2009
,27,Bennett Whitmore,21,L,Jr,Rel/St,1,6,15,7,0,0,8,0,0,46.2,61,41,32,3,17,35,6,0,3,6.17,1.67,11.76,0.58,3.28,6.75,7.91,2.06,A-,--,2009-2015,2010- 24- 732-SEA,2009
,47,Alex Keudell,19,R,Fr,Rel/St,0,6,15,6,1,0,9,0,0,43.2,40,26,25,6,18,24,2,1,6,5.15,1.33,8.24,1.24,3.71,4.95,5.36,1.33,A+,--,2009-2014,2012- 27- 842-TBA,2009
,16,Chris Garrison,19,R,Fr,Rel/St,0,3,12,3,0,0,9,0,0,31.2,32,20,16,4,19,15,2,1,1,4.55,1.61,9.09,1.14,5.40,4.26,5.68,0.79,College,--,2009-2012,2011- 28- 849-CHN,2009
,22,Drew Gagnier,20,R,So,Closer,1,0,23,1,0,0,22,0,7,30.0,14,13,9,1,25,30,5,0,3,2.70,1.30,4.20,0.30,7.50,9.00,3.90,1.20,A+,--,2007-2013,2010- 17- 523-DET,2009
,20,Zack Thornton,21,R,Jr,Reliever,0,1,15,0,0,0,15,0,0,23.1,25,18,16,2,15,16,3,0,3,6.17,1.71,9.64,0.77,5.79,6.17,6.94,1.07,AAA,--,2009-2017,2010- 23- 695-OAK,2009
,45,Ryan Fleckenstein,23,L,Jr,Reliever,1,1,28,0,0,0,28,0,0,21.2,22,17,13,2,14,11,2,2,1,5.40,1.66,9.14,0.83,5.82,4.57,7.06,0.79,Rk,--,2009-2011,--,2009
,55,Geoff Nichols,22,R,Jr,Reliever,1,2,20,0,0,0,20,0,0,19.0,28,21,14,2,10,18,3,1,3,6.63,2.00,13.26,0.95,4.74,8.53,9.95,1.80,College,--,2006-2010,--,2009
,10,Scott McGough,19,R,Fr,Reliever,1,0,18,0,0,0,18,0,0,19.0,24,14,11,2,5,15,4,0,1,5.21,1.53,11.37,0.95,2.37,7.11,6.63,3.00,MLB,2015-2024,2009-2024,2011- 5- 164-LAN,2009
,34,Blake Williams,21,R,Jr,Reliever,1,0,6,0,0,0,6,0,0,6.1,9,5,3,1,6,6,1,0,0,4.26,2.37,12.79,1.42,8.53,8.53,7.11,1.00,College,--,2007-2009,--,2009
,40,Joey Housey,19,R,Fr,Reliever,0,0,1,0,0,0,1,0,0,1.0,0,0,0,0,1,1,0,0,0,0.00,1.00,0.00,0.00,9.00,9.00,0.00,1.00,A+,--,2009-2014,2012- 27- 832-CIN,2009
,30,Justin LaTempa,22,R,Jr,Reliever,0,0,1,0,0,0,1,0,0,1.0,0,0,0,0,0,1,0,0,0,0.00,0.00,0.00,0.00,0.00,9.00,0.00,--,A,--,2006-2011,2010- 12- 384-ANA,2009
,6,KC Serna,19,R,Fr,Closer,0,0,2,0,0,0,2,0,1,1.0,0,0,0,0,3,0,0,0,0,0.00,3.00,0.00,0.00,27.00,0.00,0.00,0.00,AAA,--,2009-2017,2011- 42-1268-CLE,2009
,--,Riley Bevill,20,R,Rs,,0,0,0,0,0,0,0,0,0,0.0,0,0,0,0,0,0,0,0,0,--,--,--,--,--,--,--,--,College,--,2009-2011,--,2009
,--,Totals,--,--,--,--,14,42,202,56,4,0,146,0,8,483.0,498,330,276,46,239,357,49,9,47,5.14,1.53,9.28,0.86,4.45,6.65,6.15,1.49,--,--,--,0,2009
,#,player name,age,throws,class,role,w,l,g,gs,cg,sh,gr,gf,sv,ip,h,r,er,hr,bb,so,wp,bk,hb,era,whip,h9,hr9,bb9,so9,ra9,so/bb,hilvl,mlb years,stat years,draft info,2023
,20,Logan Mercado,21,R,Jr,St/Rel,5,1,21,11,1,0,10,0,1,81.2,85,59,54,18,51,78,4,0,4,5.95,1.67,9.37,1.98,5.62,8.60,6.50,1.53,College,--,2021-2024,--,2023
,9,Jace Stoffal,20,R,Jr,Starter,6,2,10,10,1,1,0,0,0,57.1,37,20,18,6,23,56,2,0,1,2.83,1.05,5.81,0.94,3.61,8.79,3.14,2.43,College,--,2022-2023,2023- 8- 237-MIN,2023
,32,Turner Spoljaric,0,R,Fr,Rel/St,7,0,17,8,0,0,9,0,0,55.0,71,43,40,8,23,32,8,3,2,6.55,1.71,11.62,1.31,3.76,5.24,7.04,1.39,College,--,2023-2024,--,2023
,12,Matt Dallas,24,R,Sr,Reliever,6,2,31,0,0,0,31,0,3,53.1,43,32,30,12,18,41,1,1,9,5.06,1.14,7.26,2.03,3.04,6.92,5.40,2.28,Indy,--,2019-2023,--,2023
,2,Grayson Grinsell,0,L,Fr,Rel/St,2,1,30,3,0,0,27,0,1,48.1,41,26,24,4,26,67,2,0,4,4.47,1.39,7.63,0.74,4.84,12.48,4.84,2.58,College,--,2023-2024,--,2023
,46,Matthew Grabmann,0,R,Fr,St/Rel,1,3,17,10,0,0,7,0,0,47.0,40,24,24,5,30,37,5,0,12,4.60,1.49,7.66,0.96,5.74,7.09,4.60,1.23,College,--,2023-2024,--,2023
,39,Leo Uelmen,0,R,Fr,St/Rel,3,4,14,10,0,0,4,0,0,46.0,57,43,38,9,28,34,1,0,11,7.43,1.85,11.15,1.76,5.48,6.65,8.41,1.21,College,--,2023-2023,--,2023
,41,Jackson Pace,0,R,Fr,St/Rel,2,4,15,11,0,0,4,0,0,45.2,61,53,44,3,26,26,2,1,12,8.67,1.91,12.02,0.59,5.12,5.12,10.45,1.00,College,--,2023-2023,--,2023
,40,Josh Mollerus,23,R,Sr,Closer,3,3,28,0,0,0,28,0,11,36.2,27,15,14,5,18,50,5,0,4,3.44,1.23,6.63,1.23,4.42,12.27,3.68,2.78,A+,--,2019-2024,2023- 10- 304-TOR,2023
,30,Austin Anderson,0,R,Jr,Reliever,4,0,23,0,0,0,23,0,0,27.1,10,2,2,0,25,39,4,0,7,0.66,1.28,3.29,0.00,8.23,12.84,0.66,1.56,College,--,2023-2023,--,2023
,49,Dylan McShane,0,R,Fr,Reliever,1,2,21,0,0,0,21,0,0,21.0,21,23,21,1,12,13,3,0,9,9.00,1.57,9.00,0.43,5.14,5.57,9.86,1.08,College,--,2023-2023,--,2023
,24,Ian Umlandt,0,L,Fr,Reliever,1,0,17,0,0,0,17,0,0,17.1,21,6,5,1,5,9,0,0,1,2.60,1.50,10.90,0.52,2.60,4.67,3.12,1.80,College,--,2023-2024,--,2023
,33,Jacob Hughes,20,R,So,Reliever,0,0,13,0,0,0,13,0,0,13.0,6,7,6,0,22,14,3,1,1,4.15,2.15,4.15,0.00,15.23,9.69,4.85,0.64,College,--,2022-2024,--,2023
,53,Logan Olson,19,L,Fr,Reliever,0,0,8,0,0,0,8,0,0,6.1,6,5,3,0,12,6,1,0,4,4.26,2.84,8.53,0.00,17.05,8.53,7.11,0.50,College,--,2023-2024,--,2023
,22,Jackson Jaha,20,R,Fr,Reliever,0,0,2,0,0,0,2,0,0,2.1,2,2,2,0,2,1,0,0,0,7.71,1.71,7.71,0.00,7.71,3.86,7.71,0.50,College,--,2023-2023,2022- 15- 449-NYN,2023
,43,Gus Rogers,0,L,Fr,Reliever,0,0,1,0,0,0,1,0,0,0.2,4,3,3,3,0,2,0,0,0,40.50,6.00,54.00,40.50,0.00,27.00,40.50,--,College,--,2023-2024,--,2023
,--,Totals,--,--,--,--,41,22,268,63,2,1,205,0,16,559.0,532,363,328,75,321,505,41,6,81,5.28,1.53,8.57,1.21,5.17,8.13,5.84,1.57,--,--,--,0,2023
,#,player name,age,throws,class,role,w,l,g,gs,cg,sh,gr,gf,sv,ip,h,r,er,hr,bb,so,wp,bk,hb,era,whip,h9,hr9,bb9,so9,ra9,so/bb,hilvl,mlb years,stat years,draft info,2022
,1,Isaac Ayon,0,R,So,Starter,4,4,17,16,2,0,1,0,0,87.1,109,63,56,11,29,80,2,0,12,5.77,1.58,11.23,1.13,2.99,8.24,6.49,2.76,College,--,2021-2022,2023- 20- 585-WAS,2022
,66,R.J. Gordon,0,R,So,Rel/St,4,3,20,8,0,0,12,0,1,68.2,75,47,43,8,34,48,7,0,8,5.64,1.59,9.83,1.05,4.46,6.29,6.16,1.41,College,--,2021-2024,2024- 13- 383-NYN,2022
,20,Logan Mercado,0,R,So,Reliever,6,2,25,0,0,0,25,0,0,41.1,38,14,12,4,12,41,1,0,4,2.61,1.21,8.27,0.87,2.61,8.93,3.05,3.42,College,--,2021-2024,--,2022
,30,Rio Britton,0,L,So,Reliever,4,1,34,0,0,0,34,0,1,39.1,25,16,14,3,20,35,5,0,1,3.20,1.14,5.72,0.69,4.58,8.01,3.66,1.75,A,--,2021-2024,2023- 15- 445-ARI,2022
,12,Matt Dallas,23,R,Jr,Rel/St,4,2,29,1,0,0,28,0,0,38.0,43,21,19,4,14,34,1,0,7,4.50,1.50,10.18,0.95,3.32,8.05,4.97,2.43,Indy,--,2019-2023,--,2022
,24,Kolby Somers,23,L,Sr,Closer,5,3,26,0,0,0,26,0,9,33.0,31,18,12,5,15,44,4,2,2,3.27,1.39,8.45,1.36,4.09,12.00,4.91,2.93,College,--,2018-2022,2017- 38-1143-SEA,2022
,36,Caleb Sloan,0,R,Jr,Rel/St,0,1,21,3,0,0,18,0,0,33.0,35,19,15,2,21,32,3,1,8,4.09,1.70,9.55,0.55,5.73,8.73,5.18,1.52,Indy,--,2021-2023,--,2022
,7,Christian Ciuffetelli,22,R,Jr,Rel/St,1,3,22,7,0,0,15,0,1,33.0,29,15,13,5,17,32,2,0,4,3.55,1.39,7.91,1.36,4.64,8.73,4.09,1.88,A,--,2019-2024,--,2022
,45,Dylan Sabia,0,R,Sr,Rel/St,2,0,25,2,0,0,23,0,0,32.2,31,20,19,7,19,21,5,0,2,5.23,1.53,8.54,1.93,5.23,5.79,5.51,1.11,College,--,2018-2022,--,2022
,21,Jace Stoffal,0,R,So,Starter,1,3,8,8,0,0,0,0,0,29.0,31,19,18,4,11,17,1,0,2,5.59,1.45,9.62,1.24,3.41,5.28,5.90,1.55,College,--,2022-2023,2023- 8- 237-MIN,2022
,23,Andrew Mosiello,0,R,So,Rel/St,1,1,15,3,0,0,12,0,0,24.0,16,15,13,1,21,20,2,0,6,4.88,1.54,6.00,0.38,7.88,7.50,5.62,0.95,College,--,2020-2024,--,2022
,52,Stone Churby,0,R,Jr,Reliever,1,0,20,0,0,0,20,0,0,18.0,20,10,10,2,13,18,2,1,2,5.00,1.83,10.00,1.00,6.50,9.00,5.00,1.38,College,--,2018-2022,--,2022
,47,Tommy Brandenburg,0,R,Fr,St/Rel,1,1,8,4,0,0,4,0,0,16.2,14,15,14,3,15,10,1,0,3,7.56,1.74,7.56,1.62,8.10,5.40,8.10,0.67,College,--,2022-2023,--,2022
,51,Adam Maier,20,R,So,Starter,1,1,3,3,0,0,0,0,0,15.2,11,9,7,3,6,19,3,0,4,4.02,1.09,6.32,1.72,3.45,10.91,5.17,3.17,A+,--,2020-2024,2022- 7- 215-ATL,2022
,33,Jacob Hughes,0,R,Fr,Rel/St,1,0,8,3,0,0,5,0,0,15.0,12,11,11,0,16,7,1,1,0,6.60,1.87,7.20,0.00,9.60,4.20,6.60,0.44,College,--,2022-2024,--,2022
,34,Scott Ellis,0,R,So,Rel/St,0,0,11,3,0,0,8,0,0,14.1,14,8,8,1,11,9,0,0,4,5.02,1.74,8.79,0.63,6.91,5.65,5.02,0.82,College,--,2021-2024,--,2022
,--,Totals,--,--,--,--,36,25,292,61,2,0,231,0,12,539.0,534,320,284,63,274,467,40,5,69,4.74,1.50,8.92,1.05,4.58,7.80,5.34,1.70,--,--,--,0,2022
,#,player name,age,throws,class,role,w,l,g,gs,cg,sh,gr,gf,sv,ip,h,r,er,hr,bb,so,wp,bk,hb,era,whip,h9,hr9,bb9,so9,ra9,so/bb,hilvl,mlb years,stat years,draft info,2019
,16,Robby Ahlstrom,20,L,So,St/Rel,5,7,16,10,0,0,6,0,0,73.1,70,37,32,9,20,61,5,1,2,3.93,1.23,8.59,1.10,2.45,7.49,4.54,3.05,AAA,--,2019-2024,2021- 7- 213-NYA,2019
,33,Cullen Kafka,20,R,So,Starter,5,5,15,14,0,0,1,0,0,67.1,87,54,41,9,42,58,6,0,3,5.48,1.92,11.63,1.20,5.61,7.75,7.22,1.38,A+,--,2018-2023,2021- 9- 260-COL,2019
,29,Ryne Nelson,21,R,Jr,Rel/St,3,4,23,4,0,0,19,0,4,65.0,60,37,31,8,41,104,2,2,1,4.29,1.55,8.31,1.11,5.68,14.40,5.12,2.54,MLB,2022-2024,2017-2024,2019- 2- 56-ARI,2019
,15,Cole Stringer,22,L,Rs-Jr,Rel/St,1,1,15,7,0,0,8,0,0,52.1,57,37,33,3,24,37,7,0,1,5.68,1.55,9.80,0.52,4.13,6.36,6.36,1.54,AA,--,2016-2022,2021- UDFA-COL,2019
,3,Brett Walker,20,R,So,Rel/St,2,2,22,7,0,0,15,0,1,45.0,62,30,28,4,19,27,6,0,2,5.60,1.80,12.40,0.80,3.80,5.40,6.00,1.42,College,--,2018-2022,--,2019
,24,Kolby Somers,20,L,So,Rel/St,1,4,19,5,0,0,14,0,1,35.2,36,36,34,1,26,31,1,0,1,8.58,1.74,9.08,0.25,6.56,7.82,9.08,1.19,College,--,2018-2022,2017- 38-1143-SEA,2019
,14,Nico Tellache,21,L,Jr,Reliever,4,1,28,0,0,0,28,0,6,32.1,28,23,18,2,23,39,0,1,0,5.01,1.58,7.79,0.56,6.40,10.86,6.40,1.70,AAA,--,2017-2023,--,2019
,19,Keaton Chase,0,R,Fr,Reliever,4,1,26,0,0,0,26,0,0,28.1,31,25,19,3,22,22,4,0,2,6.04,1.87,9.85,0.95,6.99,6.99,7.94,1.00,College,--,2019-2024,--,2019
,44,Tyler Frazier,0,R,Fr,St/Rel,0,2,11,6,0,0,5,0,0,27.1,36,24,21,2,15,21,1,0,3,6.91,1.87,11.85,0.66,4.94,6.91,7.90,1.40,College,--,2019-2023,--,2019
,32,Peyton Fuller,20,R,So,Reliever,1,0,24,0,0,0,24,0,0,24.2,38,24,20,3,15,16,1,0,3,7.30,2.15,13.86,1.09,5.47,5.84,8.76,1.07,College,--,2018-2023,--,2019
,22,Christian Ciuffetelli,0,R,Fr,Rel/St,0,1,20,1,0,0,19,0,0,23.1,34,24,22,0,26,18,1,0,0,8.49,2.57,13.11,0.00,10.03,6.94,9.26,0.69,A,--,2019-2024,--,2019
,47,Hunter Breault,20,R,So,Rel/St,1,1,10,1,0,0,9,0,0,10.1,12,14,12,1,7,13,4,0,1,10.45,1.84,10.45,0.87,6.10,11.32,12.19,1.86,AAA,--,2018-2024,2021- 20- 608-OAK,2019
,37,Jack Noble,0,R,Fr,Reliever,0,0,9,0,0,0,9,0,0,9.0,14,16,15,3,8,10,0,0,1,15.00,2.44,14.00,3.00,8.00,10.00,16.00,1.25,AA,--,2019-2024,--,2019
,21,Kenyon Yovan,21,R,Jr,Starter,0,0,1,1,0,0,0,0,0,2.0,1,1,1,0,2,1,0,0,0,4.50,1.50,4.50,0.00,9.00,4.50,4.50,0.50,AAA,--,2017-2024,2019- 27- 811-ANA,2019
,--,Totals,--,--,--,--,27,29,239,56,0,0,183,0,12,496.0,566,382,327,48,290,458,38,4,20,5.93,1.73,10.27,0.87,5.26,8.31,6.93,1.58,--,--,--,0,2019
,#,player name,age,throws,class,role,w,l,g,gs,cg,sh,gr,gf,sv,ip,h,r,er,hr,bb,so,wp,bk,hb,era,whip,h9,hr9,bb9,so9,ra9,so/bb,hilvl,mlb years,stat years,draft info,2018
,11,Matt Mercer,21,R,Jr,Starter,5,7,15,15,0,0,0,0,0,88.2,84,46,41,6,42,86,9,0,0,4.16,1.42,8.53,0.61,4.26,8.73,4.67,2.05,A+,--,2016-2022,2018- 5- 159-ARI,2018
,21,Kenyon Yovan,20,R,So,Rel/St,6,4,21,10,1,0,11,0,5,84.2,61,28,28,4,37,98,1,1,0,2.98,1.16,6.48,0.43,3.93,10.42,2.98,2.65,AAA,--,2017-2024,2019- 27- 811-ANA,2018
,22,Kolby Somers,19,L,Fr,St/Rel,2,7,16,11,0,0,5,0,0,62.1,71,39,32,5,13,46,4,1,0,4.62,1.35,10.25,0.72,1.88,6.64,5.63,3.54,College,--,2018-2022,2017- 38-1143-SEA,2018
,20,Parker Kelly,21,R,Jr,Reliever,4,0,29,0,0,0,29,0,3,47.0,39,20,17,1,15,53,6,1,0,3.26,1.15,7.47,0.19,2.87,10.15,3.83,3.53,A,--,2016-2021,2018- 20- 603-SLN,2018
,28,James Acuna,20,R,So,Rel/St,2,2,19,7,0,0,12,0,0,44.2,41,38,33,3,22,31,8,0,0,6.65,1.41,8.26,0.60,4.43,6.25,7.66,1.41,A,--,2017-2022,2019- 29- 877-ATL,2018
,33,Cullen Kafka,19,R,Fr,Rel/St,3,2,16,6,0,0,10,0,0,41.0,53,32,31,1,14,37,1,0,0,6.80,1.63,11.63,0.22,3.07,8.12,7.02,2.64,A+,--,2018-2023,2021- 9- 260-COL,2018
,29,Ryne Nelson,20,R,So,Reliever,3,1,16,0,0,0,16,0,4,23.1,21,11,10,1,14,37,2,0,0,3.86,1.50,8.10,0.39,5.40,14.27,4.24,2.64,MLB,2022-2024,2017-2024,2019- 2- 56-ARI,2018
,47,Hunter Breault,19,R,Fr,Rel/St,1,0,18,1,0,0,17,0,0,22.1,26,10,10,4,5,11,3,0,0,4.03,1.39,10.48,1.61,2.01,4.43,4.03,2.20,AAA,--,2018-2024,2021- 20- 608-OAK,2018
,14,Nico Tellache,20,L,So,Reliever,0,0,22,0,0,0,22,0,0,17.0,18,13,12,4,13,13,0,0,0,6.35,1.82,9.53,2.12,6.88,6.88,6.88,1.00,AAA,--,2017-2023,--,2018
,32,Peyton Fuller,19,R,Fr,Reliever,0,1,16,0,0,0,16,0,0,14.2,18,7,6,0,5,11,0,1,0,3.68,1.57,11.05,0.00,3.07,6.75,4.30,2.20,College,--,2018-2023,--,2018
,36,Jesse Hobaica,0,L,Sr,Reliever,0,1,13,0,0,0,13,0,0,13.1,17,13,9,3,4,12,1,0,0,6.08,1.58,11.48,2.03,2.70,8.10,8.78,3.00,College,--,2015-2018,--,2018
,15,Cole Stringer,21,L,Jr,Starter,0,2,3,3,0,0,0,0,0,13.0,15,9,9,0,4,6,1,0,0,6.23,1.46,10.38,0.00,2.77,4.15,6.23,1.50,AA,--,2016-2022,2021- UDFA-COL,2018
,19,Zack Noll,20,L,So,Reliever,0,1,8,0,0,0,8,0,0,9.0,10,5,5,1,7,10,2,0,0,5.00,1.89,10.00,1.00,7.00,10.00,5.00,1.43,College,--,2017-2021,--,2018
,3,Brett Walker,19,R,Fr,Rel/St,0,1,5,2,0,0,3,0,0,3.2,8,4,4,1,2,1,1,0,0,9.82,2.73,19.64,2.45,4.91,2.45,9.82,0.50,College,--,2018-2022,--,2018
,18,Isaiah Stolp,0,R,Rs-Jr,Reliever,0,0,1,0,0,0,1,0,0,1.0,0,0,0,0,1,1,0,0,0,0.00,1.00,0.00,0.00,9.00,9.00,0.00,1.00,College,--,2015-2018,--,2018
,--,Totals,--,--,--,--,26,29,218,55,1,0,163,0,12,485.2,482,275,247,34,198,453,39,4,0,4.58,1.40,8.93,0.63,3.67,8.39,5.10,2.29,--,--,--,0,2018
,#,player name,age,throws,class,role,w,l,g,gs,cg,sh,gr,gf,sv,ip,h,r,er,hr,bb,so,wp,bk,hb,era,whip,h9,hr9,bb9,so9,ra9,so/bb,hilvl,mlb years,stat years,draft info,2024
,66,R.J. Gordon,22,R,Jr,Starter,7,6,17,17,0,0,0,0,0,94.2,92,59,54,16,46,87,0,0,0,5.13,1.46,8.75,1.52,4.37,8.27,5.61,1.89,College,--,2021-2024,2024- 13- 383-NYN,2024
,18,Kevin Seitter,23,R,Sr,Starter,8,4,15,15,1,0,0,0,0,81.2,72,45,41,12,34,80,0,0,0,4.52,1.30,7.93,1.32,3.75,8.82,4.96,2.35,College,--,2020-2024,--,2024
,2,Grayson Grinsell,20,L,So,Starter,7,2,17,14,0,0,3,0,0,79.1,54,37,36,10,44,99,0,0,0,4.08,1.24,6.13,1.13,4.99,11.23,4.20,2.25,College,--,2023-2024,--,2024
,20,Logan Mercado,22,R,Sr,Closer,1,1,27,0,0,0,27,0,8,44.1,40,18,18,2,21,47,0,0,0,3.65,1.38,8.12,0.41,4.26,9.54,3.65,2.24,College,--,2021-2024,--,2024
,46,Ryan Featherston,0,R,Fr,Reliever,1,2,19,0,0,0,19,0,2,40.2,26,18,17,3,20,41,0,0,0,3.76,1.13,5.75,0.66,4.43,9.07,3.98,2.05,College,--,2024-2024,--,2024
,51,Bradley Mullan,23,L,Sr,Reliever,4,1,26,0,0,0,26,0,4,38.0,28,9,7,1,22,33,0,0,0,1.66,1.32,6.63,0.24,5.21,7.82,2.13,1.50,College,--,2021-2024,--,2024
,52,Brock Moore,0,R,Sr,Rel/St,4,1,17,1,0,0,16,0,1,31.0,28,21,20,3,20,52,0,0,0,5.81,1.55,8.13,0.87,5.81,15.10,6.10,2.60,College,--,2020-2024,2024- 7- 213-SEA,2024
,24,Ian Umlandt,20,L,So,St/Rel,4,0,8,4,1,0,4,0,0,29.2,18,15,13,2,10,23,0,0,0,3.94,0.94,5.46,0.61,3.03,6.98,4.55,2.30,College,--,2023-2024,--,2024
,10,Michael Freund,23,R,Sr,Rel/St,3,1,11,3,0,0,8,0,1,24.1,32,18,16,4,7,20,0,0,0,5.92,1.60,11.84,1.48,2.59,7.40,6.66,2.86,College,--,2020-2024,--,2024
,38,Collin Clarke,0,R,Fr,Rel/St,0,0,13,1,0,0,12,0,0,19.2,31,17,14,2,4,14,0,0,0,6.41,1.78,14.19,0.92,1.83,6.41,7.78,3.50,College,--,2024-2024,--,2024
,4,Toby Twist,0,L,Fr,St/Rel,0,0,4,2,0,0,2,0,0,15.2,14,10,8,4,9,21,0,0,0,4.60,1.47,8.04,2.30,5.17,12.06,5.74,2.33,College,--,2024-2024,--,2024
,32,Turner Spoljaric,21,R,So,Rel/St,0,2,10,3,0,0,7,0,0,13.1,23,21,21,3,11,7,0,0,0,14.18,2.55,15.53,2.03,7.43,4.73,14.18,0.64,College,--,2023-2024,--,2024
,55,Cole Stokes,19,R,Fr,Reliever,0,0,8,0,0,0,8,0,0,8.2,10,11,11,2,10,7,0,0,0,11.42,2.31,10.38,2.08,10.38,7.27,11.42,0.70,College,--,2024-2024,--,2024
,15,Jaxon Jordan,21,R,Jr,Reliever,0,0,7,0,0,0,7,0,0,5.1,4,6,6,1,9,12,0,0,0,10.13,2.44,6.75,1.69,15.19,20.25,10.13,1.33,College,--,2022-2024,--,2024
,21,Matthew Grabmann,21,R,So,Reliever,1,0,6,0,0,0,6,0,0,5.1,6,5,1,1,6,4,0,0,0,1.69,2.25,10.13,1.69,10.13,6.75,8.44,0.67,College,--,2023-2024,--,2024
,50,Sammy Cova,0,L,Fr,Reliever,0,0,3,0,0,0,3,0,0,2.0,5,7,7,1,3,1,0,0,0,31.50,4.00,22.50,4.50,13.50,4.50,31.50,0.33,College,--,2024-2024,--,2024
,43,Mason Goodson,0,R,Fr,Reliever,0,0,2,0,0,0,2,0,0,1.2,0,1,0,0,3,2,0,0,0,0.00,1.80,0.00,0.00,16.20,10.80,5.40,0.67,College,--,2024-2024,--,2024
,--,Totals,--,--,--,--,40,20,210,60,2,0,150,0,16,535.1,483,318,290,67,279,550,0,0,0,4.88,1.42,8.12,1.13,4.69,9.25,5.35,1.97,--,--,--,0,2024
,#,player name,age,throws,class,role,w,l,g,gs,cg,sh,gr,gf,sv,ip,h,r,er,hr,bb,so,wp,bk,hb,era,whip,h9,hr9,bb9,so9,ra9,so/bb,hilvl,mlb years,stat years,draft info,2015
,3,David Peterson,19,L,Fr,Starter,4,6,14,14,0,0,0,0,0,82.0,79,50,40,4,31,81,7,1,8,4.39,1.34,8.67,0.44,3.40,8.89,5.49,2.61,MLB,2020-2024,2015-2024,2017- 1- 20-NYN,2015
,19,Cole Irvin,21,L,Rs-So,Starter,2,5,16,16,0,0,0,0,0,79.0,77,43,36,2,24,44,8,1,13,4.10,1.28,8.77,0.23,2.73,5.01,4.90,1.83,MLB,2019-2024,2013-2024,2016- 5- 137-PHI,2015
,18,Josh Graham,21,R,Jr,Rel/St,4,1,19,6,0,0,13,0,1,65.0,48,21,19,1,26,64,11,3,5,2.63,1.14,6.65,0.14,3.60,8.86,2.91,2.46,AA,--,2013-2022,2015- 4- 120-ATL,2015
,30,Stephen Nogosek,20,R,So,Reliever,6,3,39,0,0,0,39,0,0,58.0,38,16,13,1,34,60,6,1,9,2.02,1.24,5.90,0.16,5.28,9.31,2.48,1.76,MLB,2019-2023,2014-2024,2016- 6- 178-BOS,2015
,11,Conor Harber,21,R,Jr,St/Rel,4,2,15,8,0,0,7,0,0,55.2,47,40,33,3,32,59,9,1,11,5.34,1.42,7.60,0.49,5.17,9.54,6.47,1.84,AAA,--,2013-2021,2015- 16- 481-MIL,2015
,40,Cooper Stiles,0,R,So,Reliever,3,1,26,0,0,0,26,0,1,55.2,58,26,22,2,9,30,2,2,15,3.56,1.20,9.38,0.32,1.46,4.85,4.20,3.33,College,--,2014-2017,--,2015
,25,Trent Paddon,0,R,So,Rel/St,2,3,16,6,0,0,10,0,1,41.2,54,31,28,1,11,35,11,0,8,6.05,1.56,11.66,0.22,2.38,7.56,6.70,3.18,College,--,2014-2018,--,2015
,35,Garrett Cleavinger,21,L,Jr,Reliever,6,2,37,0,0,0,37,0,9,40.0,20,7,7,2,17,66,1,0,4,1.58,0.92,4.50,0.45,3.82,14.85,1.58,3.88,MLB,2020-2024,2013-2024,2015- 3- 102-BAL,2015
,21,Jake Corn,0,L,Fr,Rel/St,3,0,10,4,0,0,6,0,0,28.2,33,13,13,1,15,14,5,0,5,4.08,1.67,10.36,0.31,4.71,4.40,4.08,0.93,College,--,2015-2016,--,2015
,36,Jack Karraker,0,R,Sr,Starter,1,1,5,5,0,0,0,0,0,28.0,21,6,4,2,11,23,0,0,2,1.29,1.14,6.75,0.64,3.54,7.39,1.93,2.09,Indy,--,2013-2016,--,2015
,31,Brac Warren,19,R,Fr,Rel/St,2,0,14,1,0,0,13,0,0,22.0,15,11,11,1,15,16,3,1,6,4.50,1.36,6.14,0.41,6.14,6.55,4.50,1.07,Rk,--,2015-2023,2017- 17- 516-SFN,2015
,44,Kohl Hostert,0,R,Fr,Rel/St,1,0,7,2,0,0,5,0,1,10.2,7,7,6,1,3,8,4,0,3,5.06,0.94,5.91,0.84,2.53,6.75,5.91,2.67,College,--,2015-2019,--,2015
,47,Joe Reta,0,R,Jr,Rel/St,0,1,9,1,0,0,8,0,0,9.2,7,4,3,1,4,10,0,1,3,2.79,1.14,6.52,0.93,3.72,9.31,3.72,2.50,College,--,2013-2017,--,2015
,--,Totals,--,--,--,--,38,25,227,63,0,0,164,0,13,576.0,504,275,235,22,232,510,67,11,92,3.67,1.28,7.87,0.34,3.62,7.97,4.30,2.20,--,--,--,0,2015
,#,player name,age,throws,class,role,w,l,g,gs,cg,sh,gr,gf,sv,ip,h,r,er,hr,bb,so,wp,bk,hb,era,whip,h9,hr9,bb9,so9,ra9,so/bb,hilvl,mlb years,stat years,draft info,2014
,27,Tommy Thorpe,21,L,--,Starter,11,4,16,16,1,0,0,0,0,105.0,79,30,25,3,33,90,5,0,12,2.14,1.07,6.77,0.26,2.83,7.71,2.57,2.73,AAA,--,2012-2019,2014- 8- 229-CHN,2014
,44,Jeff Gold,0,R,--,Starter,10,3,16,16,0,0,0,0,0,99.1,95,46,35,2,8,61,3,0,8,3.17,1.04,8.61,0.18,0.72,5.53,4.17,7.63,College,--,2011-2014,--,2014
,25,Trent Paddon,0,R,--,Rel/St,1,3,21,3,0,0,18,0,1,50.2,44,19,19,1,11,41,4,0,9,3.37,1.09,7.82,0.18,1.95,7.28,3.37,3.73,College,--,2014-2018,--,2014
,3,Brando Tessar,23,R,--,St/Rel,4,2,14,10,0,0,4,0,0,50.2,61,27,24,2,9,43,1,0,6,4.26,1.38,10.84,0.36,1.60,7.64,4.80,4.78,College,--,2011-2014,2014- 25- 750-ARI,2014
,21,Matt Krook,19,L,--,Starter,2,1,8,8,0,0,0,0,0,45.1,22,12,9,0,19,60,11,0,7,1.79,0.90,4.37,0.00,3.77,11.91,2.38,3.16,MLB,2023-2024,2014-2024,2016- 4- 125-SFN,2014
,5,Jake Reed,21,R,--,Closer,4,1,31,0,0,0,31,0,13,37.0,22,9,8,1,15,34,1,0,4,1.95,1.00,5.35,0.24,3.65,8.27,2.19,2.27,MLB,2021-2023,2012-2023,2014- 5- 140-MIN,2014
,31,Porter Clayton,21,L,--,Rel/St,2,1,20,5,0,0,15,0,1,36.1,27,22,18,2,26,25,0,0,5,4.46,1.46,6.69,0.50,6.44,6.19,5.45,0.96,A,--,2011-2017,2015- 19- 568-TBA,2014
,23,Jordan Spencer,21,L,--,Rel/St,1,1,22,3,0,0,19,0,0,35.2,32,12,11,1,20,27,2,0,4,2.78,1.46,8.07,0.25,5.05,6.81,3.03,1.35,Indy,--,2012-2015,--,2014
,30,Stephen Nogosek,19,R,--,Rel/St,1,1,17,2,0,0,15,0,0,35.2,33,12,10,1,16,27,0,0,8,2.52,1.37,8.33,0.25,4.04,6.81,3.03,1.69,MLB,2019-2023,2014-2024,2016- 6- 178-BOS,2014
,35,Garrett Cleavinger,20,L,--,Reliever,3,2,35,0,0,0,35,0,2,32.1,25,14,12,1,17,49,1,1,9,3.34,1.30,6.96,0.28,4.73,13.64,3.90,2.88,MLB,2020-2024,2013-2024,2015- 3- 102-BAL,2014
,51,Darrell Hunter,23,R,--,Reliever,4,1,21,0,0,0,21,0,1,27.1,18,10,9,1,12,27,1,0,1,2.96,1.10,5.93,0.33,3.95,8.89,3.29,2.25,A-,--,2009-2014,2014- UDFA-TEX,2014
,36,Jack Karraker,0,R,--,Rel/St,0,0,11,1,0,0,10,0,0,11.1,16,5,5,1,1,7,2,0,1,3.97,1.50,12.71,0.79,0.79,5.56,3.97,7.00,Indy,--,2013-2016,--,2014
,40,Cooper Stiles,0,R,--,Reliever,1,0,6,0,0,0,6,0,0,8.2,9,8,7,0,5,4,2,0,5,7.27,1.62,9.35,0.00,5.19,4.15,8.31,0.80,College,--,2014-2017,--,2014
,49,Derek Smith,0,R,--,Reliever,0,0,1,0,0,0,1,0,0,1.0,5,4,4,0,0,0,0,0,0,36.00,5.00,45.00,0.00,0.00,0.00,36.00,--,College,--,2013-2014,--,2014
,--,Totals,--,--,--,--,44,20,239,64,1,0,175,0,18,576.1,488,230,196,16,192,495,33,1,79,3.06,1.18,7.62,0.25,3.00,7.73,3.59,2.58,--,--,--,0,2014
,#,player name,age,throws,class,role,w,l,g,gs,cg,sh,gr,gf,sv,ip,h,r,er,hr,bb,so,wp,bk,hb,era,whip,h9,hr9,bb9,so9,ra9,so/bb,hilvl,mlb years,stat years,draft info,2016
,19,Cole Irvin,22,L,Rs-Jr,Starter,6,4,17,15,1,1,2,0,0,105.0,101,43,37,9,16,93,3,0,7,3.17,1.11,8.66,0.77,1.37,7.97,3.69,5.81,MLB,2019-2024,2013-2024,2016- 5- 137-PHI,2016
,3,David Peterson,20,L,So,Starter,4,5,13,13,0,0,0,0,0,74.1,64,39,30,2,30,61,9,0,14,3.63,1.26,7.75,0.24,3.63,7.39,4.72,2.03,MLB,2020-2024,2015-2024,2017- 1- 20-NYN,2016
,13,Matt Krook,21,L,Rs-So,Starter,4,3,15,13,0,0,2,0,0,53.2,36,35,30,0,49,68,7,0,12,5.03,1.58,6.04,0.00,8.22,11.40,5.87,1.39,MLB,2023-2024,2014-2024,2016- 4- 125-SFN,2016
,30,Stephen Nogosek,21,R,Jr,Closer,2,2,29,0,0,0,29,0,16,40.2,25,7,5,1,14,45,4,0,2,1.11,0.96,5.53,0.22,3.10,9.96,1.55,3.21,MLB,2019-2023,2014-2024,2016- 6- 178-BOS,2016
,11,Matt Mercer,19,R,Fr,Rel/St,2,2,16,5,0,0,11,0,0,40.0,43,22,19,4,12,31,0,2,3,4.28,1.38,9.68,0.90,2.70,6.98,4.95,2.58,A+,--,2016-2022,2018- 5- 159-ARI,2016
,41,Isaiah Carranza,19,R,Fr,Rel/St,2,1,19,2,0,0,17,0,1,34.2,37,17,14,0,8,18,1,0,2,3.63,1.30,9.61,0.00,2.08,4.67,4.41,2.25,A+,--,2016-2022,2018- 12- 348-CHA,2016
,18,Kyle Robeniol,0,L,Fr,Rel/St,3,2,13,4,0,0,9,0,0,26.2,33,25,21,3,17,21,0,0,5,7.09,1.88,11.14,1.01,5.74,7.09,8.44,1.24,College,--,2016-2021,--,2016
,15,Cole Stringer,19,L,Fr,Rel/St,2,2,15,3,0,0,12,0,0,26.0,24,12,11,3,9,20,3,1,2,3.81,1.27,8.31,1.04,3.12,6.92,4.15,2.22,AA,--,2016-2022,2021- UDFA-COL,2016
,31,Brac Warren,20,R,So,Reliever,0,2,25,0,0,0,25,0,0,25.2,21,10,9,2,19,34,7,1,2,3.16,1.56,7.36,0.70,6.66,11.92,3.51,1.79,Rk,--,2015-2023,2017- 17- 516-SFN,2016
,40,Cooper Stiles,0,R,Jr,Reliever,2,3,17,0,0,0,17,0,1,23.0,16,9,9,0,6,12,2,0,8,3.52,0.96,6.26,0.00,2.35,4.70,3.52,2.00,College,--,2014-2017,--,2016
,20,Parker Kelly,19,R,Fr,Reliever,0,0,12,0,0,0,12,0,0,17.2,18,9,8,1,7,11,3,0,6,4.08,1.42,9.17,0.51,3.57,5.60,4.58,1.57,A,--,2016-2021,2018- 20- 603-SLN,2016
,36,Jack Karraker,0,R,Rs-Sr,Reliever,0,0,14,0,0,0,14,0,0,12.0,10,9,6,1,5,13,2,1,3,4.50,1.25,7.50,0.75,3.75,9.75,6.75,2.60,Indy,--,2013-2016,--,2016
,16,Jacob Bennett,0,R,Fr,Reliever,2,0,7,0,0,0,7,0,0,7.0,7,4,3,2,1,5,0,2,1,3.86,1.14,9.00,2.57,1.29,6.43,5.14,5.00,College,--,2016-2016,--,2016
,37,Connor Zwetsch,21,R,Jr,Reliever,0,0,4,0,0,0,4,0,0,5.0,3,2,2,0,3,6,1,0,1,3.60,1.20,5.40,0.00,5.40,10.80,3.60,2.00,A,--,2014-2018,2017- UDFA-WAS,2016
,--,Totals,--,--,--,--,29,26,216,55,1,1,161,0,18,491.1,438,243,204,28,196,438,42,7,68,3.74,1.29,8.02,0.51,3.59,8.02,4.45,2.23,--,--,--,0,2016
,#,player name,age,throws,class,role,w,l,g,gs,cg,sh,gr,gf,sv,ip,h,r,er,hr,bb,so,wp,bk,hb,era,whip,h9,hr9,bb9,so9,ra9,so/bb,hilvl,mlb years,stat years,draft info,2017
,3,David Peterson,21,L,Jr,Starter,11,4,15,15,1,1,0,0,0,100.1,88,34,28,2,15,140,3,0,10,2.51,1.03,7.89,0.18,1.35,12.56,3.05,9.33,MLB,2020-2024,2015-2024,2017- 1- 20-NYN,2017
,11,Matt Mercer,20,R,So,Starter,6,7,15,15,1,0,0,0,0,88.1,79,39,31,4,30,59,4,0,2,3.16,1.23,8.05,0.41,3.06,6.01,3.97,1.97,A+,--,2016-2022,2018- 5- 159-ARI,2017
,15,Cole Stringer,20,L,So,St/Rel,4,3,16,11,0,0,5,0,0,66.1,70,29,28,6,13,41,2,0,7,3.80,1.25,9.50,0.81,1.76,5.56,3.93,3.15,AA,--,2016-2022,2021- UDFA-COL,2017
,40,Cooper Stiles,0,R,Sr,Reliever,0,1,23,0,0,0,23,0,0,32.1,32,18,16,4,1,31,1,0,3,4.45,1.02,8.91,1.11,0.28,8.63,5.01,31.00,College,--,2014-2017,--,2017
,21,Kenyon Yovan,19,R,Fr,Closer,1,1,22,0,0,0,22,0,15,32.0,26,9,7,0,6,36,2,0,3,1.97,1.00,7.31,0.00,1.69,10.12,2.53,6.00,AAA,--,2017-2024,2019- 27- 811-ANA,2017
,41,Isaiah Carranza,20,R,So,St/Rel,2,3,9,7,0,0,2,0,1,30.1,43,20,18,1,4,16,7,0,2,5.34,1.55,12.76,0.30,1.19,4.75,5.93,4.00,A+,--,2016-2022,2018- 12- 348-CHA,2017
,28,James Acuna,19,R,Fr,Rel/St,1,1,19,2,0,0,17,0,0,26.0,30,13,11,0,10,22,2,0,4,3.81,1.54,10.38,0.00,3.46,7.62,4.50,2.20,A,--,2017-2022,2019- 29- 877-ATL,2017
,37,Connor Zwetsch,22,R,Sr,Reliever,1,2,22,0,0,0,22,0,0,25.0,31,13,12,1,4,16,2,0,1,4.32,1.40,11.16,0.36,1.44,5.76,4.68,4.00,A,--,2014-2018,2017- UDFA-WAS,2017
,31,Brac Warren,21,R,Jr,Reliever,1,0,22,0,0,0,22,0,0,23.2,18,12,12,1,20,28,6,2,2,4.56,1.61,6.85,0.38,7.61,10.65,4.56,1.40,Rk,--,2015-2023,2017- 17- 516-SFN,2017
,19,Zack Noll,19,L,Fr,St/Rel,2,2,7,4,0,0,3,0,0,17.2,12,14,12,1,13,24,1,2,1,6.11,1.42,6.11,0.51,6.62,12.23,7.13,1.85,College,--,2017-2021,--,2017
,20,Parker Kelly,20,R,So,Reliever,1,0,14,0,0,0,14,0,0,15.2,14,9,9,1,8,23,2,1,2,5.17,1.40,8.04,0.57,4.60,13.21,5.17,2.88,A,--,2016-2021,2018- 20- 603-SLN,2017
,29,Ryne Nelson,19,R,Fr,Rel/St,0,1,9,1,0,0,8,0,0,13.1,15,9,7,0,5,17,3,0,0,4.73,1.50,10.13,0.00,3.38,11.48,6.08,3.40,MLB,2022-2024,2017-2024,2019- 2- 56-ARI,2017
,22,Joe Reta,0,R,Rs-Sr,Reliever,0,0,6,0,0,0,6,0,0,5.2,8,4,4,0,3,3,2,0,0,6.35,1.94,12.71,0.00,4.76,4.76,6.35,1.00,College,--,2013-2017,--,2017
,14,Nico Tellache,19,L,Fr,Reliever,0,0,8,0,0,0,8,0,0,5.0,4,4,4,0,7,3,2,0,0,7.20,2.20,7.20,0.00,12.60,5.40,7.20,0.43,AAA,--,2017-2023,--,2017
,36,Jesse Hobaica,0,L,Jr,Reliever,0,0,4,0,0,0,4,0,0,3.1,6,9,9,3,4,6,0,0,0,24.30,3.00,16.20,8.10,10.80,16.20,24.30,1.50,College,--,2015-2018,--,2017
,--,Totals,--,--,--,--,30,25,211,55,2,1,156,0,16,485.0,476,236,208,24,143,465,39,5,37,3.86,1.28,8.83,0.45,2.65,8.63,4.38,3.25,--,--,--,0,2017
,#,player name,age,throws,class,role,w,l,g,gs,cg,sh,gr,gf,sv,ip,h,r,er,hr,bb,so,wp,bk,hb,era,whip,h9,hr9,bb9,so9,ra9,so/bb,hilvl,mlb years,stat years,draft info,2013
,19,Cole Irvin,19,L,Fr,Starter,12,3,16,16,4,2,0,0,0,116.0,105,37,32,5,22,60,2,1,9,2.48,1.09,8.15,0.39,1.71,4.66,2.87,2.73,MLB,2019-2024,2013-2024,2016- 5- 137-PHI,2013
,27,Tommy Thorpe,20,L,Fr,Starter,7,5,16,16,0,0,0,0,0,104.1,82,28,25,1,39,87,7,0,8,2.16,1.16,7.07,0.09,3.36,7.50,2.42,2.23,AAA,--,2012-2019,2014- 8- 229-CHN,2013
,5,Jake Reed,20,R,So,Starter,6,6,17,17,0,0,0,0,0,100.1,93,55,39,5,30,65,2,0,10,3.50,1.23,8.34,0.45,2.69,5.83,4.93,2.17,MLB,2021-2023,2012-2023,2014- 5- 140-MIN,2013
,35,Garrett Cleavinger,19,L,Fr,Reliever,9,0,37,0,0,0,37,0,2,42.2,20,6,6,0,24,57,9,0,4,1.27,1.03,4.22,0.00,5.06,12.02,1.27,2.38,MLB,2020-2024,2013-2024,2015- 3- 102-BAL,2013
,44,Jeff Gold,0,R,Jr,Rel/St,4,0,13,5,0,0,8,0,0,41.0,37,13,10,0,8,35,3,0,4,2.20,1.10,8.12,0.00,1.76,7.68,2.85,4.38,College,--,2011-2014,--,2013
,30,James Sherfy,21,R,Jr,Closer,2,0,38,0,0,0,38,0,21,40.0,33,11,10,0,14,55,3,0,2,2.25,1.18,7.42,0.00,3.15,12.38,2.48,3.93,MLB,2017-2021,2011-2022,2013- 10- 300-ARI,2013
,51,Darrell Hunter,22,R,Sr,Reliever,2,0,28,0,0,0,28,0,1,39.2,34,18,15,1,15,29,6,0,9,3.40,1.24,7.71,0.23,3.40,6.58,4.08,1.93,A-,--,2009-2014,2014- UDFA-TEX,2013
,24,Christian Jones,22,L,Jr,Rel/St,1,1,21,1,0,0,20,0,1,23.2,18,11,9,1,10,20,3,0,4,3.42,1.18,6.85,0.38,3.80,7.61,4.18,2.00,AA,--,2010-2017,2013- 18- 552-SFN,2013
,23,Jordan Spencer,20,L,So,Rel/St,2,0,12,2,0,0,10,0,0,18.0,19,8,8,0,11,10,1,0,2,4.00,1.67,9.50,0.00,5.50,5.00,4.00,0.91,Indy,--,2012-2015,--,2013
,47,Clayton Crum,21,R,So,Rel/St,0,0,8,2,0,0,6,0,0,13.2,14,8,8,0,5,7,3,0,5,5.27,1.39,9.22,0.00,3.29,4.61,5.27,1.40,Rk,--,2013-2016,2012- 37-1124-CHN,2013
,14,Cole Wiper,21,R,Rs,Rel/St,2,1,7,3,0,0,4,0,0,12.2,19,11,10,1,10,4,0,0,2,7.11,2.29,13.50,0.71,7.11,2.84,7.82,0.40,AA,--,2013-2018,2013- 10- 310-TEX,2013
,26,Jared Priestley,0,R,Fr,Reliever,0,0,7,0,0,0,7,0,0,8.2,8,5,4,1,1,6,0,0,0,4.15,1.04,8.31,1.04,1.04,6.23,5.19,6.00,College,--,2013-2014,--,2013
,3,Brando Tessar,22,R,Jr,St/Rel,1,0,4,2,0,0,2,0,0,6.2,5,2,2,0,3,2,0,0,1,2.70,1.20,6.75,0.00,4.05,2.70,2.70,0.67,College,--,2011-2014,2014- 25- 750-ARI,2013
,49,Derek Smith,0,R,Fr,Reliever,0,0,4,0,0,0,4,0,1,5.0,5,0,0,0,2,3,0,1,2,0.00,1.40,9.00,0.00,3.60,5.40,0.00,1.50,College,--,2013-2014,--,2013
,34,Sam Johnson,0,R,Fr,Reliever,0,0,2,0,0,0,2,0,0,2.0,1,1,1,0,4,2,0,0,0,4.50,2.50,4.50,0.00,18.00,9.00,4.50,0.50,College,--,2013-2013,--,2013
,--,Totals,--,--,--,--,48,16,230,64,4,2,166,0,26,574.1,493,214,179,15,198,442,39,2,62,2.80,1.20,7.73,0.24,3.10,6.93,3.35,2.23,--,--,--,0,2013
,#,player name,age,throws,class,role,w,l,g,gs,cg,sh,gr,gf,sv,ip,h,r,er,hr,bb,so,wp,bk,hb,era,whip,h9,hr9,bb9,so9,ra9,so/bb,hilvl,mlb years,stat years,draft info,2012
,47,Alex Keudell,22,R,Sr,Starter,11,5,18,17,3,1,1,0,0,124.2,103,42,33,2,30,74,6,1,16,2.38,1.07,7.44,0.14,2.17,5.34,3.03,2.47,A+,--,2009-2014,2012- 27- 842-TBA,2012
,5,Jake Reed,19,R,Fr,Starter,8,4,17,17,1,0,0,0,0,114.0,91,41,37,3,42,67,4,2,17,2.92,1.17,7.18,0.24,3.32,5.29,3.24,1.60,MLB,2021-2023,2012-2023,2014- 5- 140-MIN,2012
,44,Jeff Gold,0,R,So,St/Rel,8,4,19,13,1,1,6,0,0,76.1,75,34,31,5,24,46,5,3,8,3.66,1.30,8.84,0.59,2.83,5.42,4.01,1.92,College,--,2011-2014,--,2012
,30,James Sherfy,20,R,So,Closer,5,3,36,0,0,0,36,0,19,61.1,36,18,15,2,34,93,4,0,13,2.20,1.14,5.28,0.29,4.99,13.65,2.64,2.74,MLB,2017-2021,2011-2022,2013- 10- 300-ARI,2012
,3,Brando Tessar,21,R,So,Starter,4,1,11,9,1,1,2,0,0,52.2,44,24,20,0,33,37,3,1,6,3.42,1.46,7.52,0.00,5.64,6.32,4.10,1.12,College,--,2011-2014,2014- 25- 750-ARI,2012
,27,Tommy Thorpe,19,L,--,Rel/St,2,0,35,1,0,0,34,0,1,42.2,24,11,10,1,20,48,3,0,7,2.11,1.03,5.06,0.21,4.22,10.12,2.32,2.40,AAA,--,2012-2019,2014- 8- 229-CHN,2012
,23,Jordan Spencer,19,L,Fr,St/Rel,4,2,12,6,1,1,6,0,0,38.0,31,20,18,2,18,19,1,0,3,4.26,1.29,7.34,0.47,4.26,4.50,4.74,1.06,Indy,--,2012-2015,--,2012
,40,Joey Housey,22,R,Sr,Reliever,2,0,22,0,0,0,22,0,1,36.2,29,9,7,0,16,27,3,0,3,1.72,1.23,7.12,0.00,3.93,6.63,2.21,1.69,A+,--,2009-2014,2012- 27- 832-CIN,2012
,32,David Wylie,0,R,Jr,Reliever,1,0,9,0,0,0,9,0,1,18.2,19,12,11,3,11,12,1,0,4,5.30,1.61,9.16,1.45,5.30,5.79,5.79,1.09,College,--,2012-2012,--,2012
,7,Billy Flamion,19,L,Fr,Reliever,1,0,11,0,0,0,11,0,0,13.0,4,8,7,2,11,12,5,0,3,4.85,1.15,2.77,1.38,7.62,8.31,5.54,1.09,Rk,--,2012-2014,2013- 15- 454-LAN,2012
,31,Henry Gigeous,18,R,,Rel/St,0,0,3,1,0,0,2,0,0,4.0,6,4,4,0,1,3,0,0,2,9.00,1.75,13.50,0.00,2.25,6.75,9.00,3.00,College,--,2012-2012,--,2012
,6,Scott Heineman,19,R,Fr,Starter,0,0,1,1,0,0,0,0,0,2.1,1,1,1,0,1,1,0,0,0,3.86,0.86,3.86,0.00,3.86,3.86,3.86,1.00,MLB,2019-2021,2012-2022,2015- 11- 318-TEX,2012
,--,Christian Jones,21,L,Rs,,0,0,0,0,0,0,0,0,0,0.0,0,0,0,0,0,0,0,0,0,--,--,--,--,--,--,--,--,AA,--,2010-2017,2013- 18- 552-SFN,2012
,16,Shaun Chase,0,R,Fr,Reliever,0,0,1,0,0,0,1,0,0,0.0,1,2,2,0,2,0,0,1,0,--,--,--,--,--,--,--,0.00,College,--,2012-2015,--,2012
,--,Totals,--,--,--,--,46,19,195,65,7,4,130,0,22,584.1,464,226,196,20,243,439,35,8,82,3.02,1.21,7.15,0.31,3.74,6.76,3.48,1.81,--,--,--,0,2012
,#,player name,age,throws,class,role,w,l,g,gs,cg,sh,gr,gf,sv,ip,h,r,er,hr,bb,so,wp,bk,hb,era,whip,h9,hr9,bb9,so9,ra9,so/bb,hilvl,mlb years,stat years,draft info,2010
,13,Tyler Anderson,20,L,So,Starter,7,5,17,16,1,0,1,0,0,102.2,84,41,34,11,33,105,10,1,5,2.98,1.14,7.36,0.96,2.89,9.20,3.59,3.18,MLB,2016-2024,2009-2024,2011- 1- 20-COL,2010
,20,Zack Thornton,22,R,Sr,St/Rel,9,0,17,12,0,0,5,0,0,90.0,92,36,34,7,16,73,3,2,13,3.40,1.20,9.20,0.70,1.60,7.30,3.60,4.56,AAA,--,2009-2017,2010- 23- 695-OAK,2010
,30,Justin LaTempa,23,R,Sr,Starter,6,3,15,15,1,1,0,0,0,88.2,85,43,36,8,21,68,2,1,12,3.65,1.20,8.63,0.81,2.13,6.90,4.36,3.24,A,--,2006-2011,2010- 12- 384-ANA,2010
,47,Alex Keudell,20,R,So,Rel/St,5,6,23,11,0,0,12,0,0,78.1,91,49,36,5,25,78,8,4,11,4.14,1.48,10.46,0.57,2.87,8.96,5.63,3.12,A+,--,2009-2014,2012- 27- 842-TBA,2010
,2,Scott McGough,20,R,So,Rel/St,5,2,25,2,0,0,23,0,4,58.2,59,22,16,3,14,56,4,2,9,2.45,1.24,9.05,0.46,2.15,8.59,3.37,4.00,MLB,2015-2024,2009-2024,2011- 5- 164-LAN,2010
,41,Madison Boer,20,R,So,Rel/St,3,1,23,4,0,0,19,0,5,51.2,51,15,14,1,9,48,1,0,1,2.44,1.16,8.88,0.17,1.57,8.36,2.61,5.33,AA,--,2009-2016,2011- 2- 87-MIN,2010
,40,Joey Housey,20,R,So,Rel/St,3,2,23,3,0,0,20,0,1,28.2,24,8,6,2,4,28,4,0,3,1.88,0.98,7.53,0.63,1.26,8.79,2.51,7.00,A+,--,2009-2014,2012- 27- 832-CIN,2010
,21,Christian Jones,19,L,Fr,Rel/St,2,2,20,1,0,0,19,0,0,26.2,25,16,11,1,12,21,2,0,5,3.71,1.39,8.44,0.34,4.05,7.09,5.40,1.75,AA,--,2010-2017,2013- 18- 552-SFN,2010
,22,Drew Gagnier,21,R,Jr,Reliever,0,2,23,0,0,0,23,0,4,22.2,20,10,8,1,12,25,6,0,3,3.18,1.41,7.94,0.40,4.76,9.93,3.97,2.08,A+,--,2007-2013,2010- 17- 523-DET,2010
,45,Ryan Fleckenstein,24,L,Sr,Reliever,0,1,8,0,0,0,8,0,0,5.2,5,3,3,0,1,2,1,0,0,4.76,1.06,7.94,0.00,1.59,3.18,4.76,2.00,Rk,--,2009-2011,--,2010
,26,Kellen Moen,22,R,Jr,Reliever,0,0,3,0,0,0,3,0,0,5.1,4,1,1,0,2,6,1,1,0,1.69,1.13,6.75,0.00,3.38,10.13,1.69,3.00,A+,--,2010-2014,2011- 7- 216-KCA,2010
,46,Ryan Hambright,19,R,Fr,Reliever,0,0,4,0,0,0,4,0,0,3.2,9,9,7,1,1,2,1,0,3,17.18,2.73,22.09,2.45,2.45,4.91,22.09,2.00,College,--,2010-2013,--,2010
,55,Geoff Nichols,23,R,Sr,Reliever,0,0,1,0,0,0,1,0,0,1.2,0,0,0,0,1,1,0,0,0,0.00,0.60,0.00,0.00,5.40,5.40,0.00,1.00,College,--,2006-2010,--,2010
,--,Ian Hoff,0,R,Jr,,0,0,0,0,0,0,0,0,0,0.0,0,0,0,0,0,0,0,0,0,--,--,--,--,--,--,--,--,College,--,2010-2012,--,2010
,--,Totals,--,--,--,--,40,24,202,64,2,1,138,0,14,564.1,549,253,206,40,151,513,43,11,65,3.29,1.24,8.76,0.64,2.41,8.18,4.03,3.40,--,--,--,0,2010
,#,player name,age,throws,class,role,w,l,g,gs,cg,sh,gr,gf,sv,ip,h,r,er,hr,bb,so,wp,bk,hb,era,whip,h9,hr9,bb9,so9,ra9,so/bb,hilvl,mlb years,stat years,draft info,2011
,13,Tyler Anderson,21,L,Jr,Starter,8,3,15,15,1,0,0,0,0,107.2,75,33,28,2,35,114,8,1,7,2.34,1.02,6.27,0.17,2.93,9.53,2.76,3.26,MLB,2016-2024,2009-2024,2011- 1- 20-COL,2011
,41,Madison Boer,21,R,Jr,St/Rel,3,6,18,12,1,0,6,0,3,99.0,81,27,25,2,35,74,5,0,4,2.27,1.17,7.36,0.18,3.18,6.73,2.45,2.11,AA,--,2009-2016,2011- 2- 87-MIN,2011
,47,Alex Keudell,21,R,Jr,Starter,7,3,17,14,1,0,3,0,0,90.1,86,31,29,2,24,71,1,4,3,2.89,1.22,8.57,0.20,2.39,7.07,3.09,2.96,A+,--,2009-2014,2012- 27- 842-TBA,2011
,21,Christian Jones,20,L,So,St/Rel,7,2,16,12,0,0,4,0,0,77.2,69,34,28,2,34,73,4,0,8,3.24,1.33,8.00,0.23,3.94,8.46,3.94,2.15,AA,--,2010-2017,2013- 18- 552-SFN,2011
,10,Scott McGough,21,R,Jr,Reliever,3,6,31,0,0,0,31,0,5,57.2,52,28,23,0,25,62,3,0,7,3.59,1.34,8.12,0.00,3.90,9.68,4.37,2.48,MLB,2015-2024,2009-2024,2011- 5- 164-LAN,2011
,26,Kellen Moen,23,R,Sr,Closer,1,4,28,0,0,0,28,0,8,41.1,27,18,14,1,16,43,9,3,2,3.05,1.04,5.88,0.22,3.48,9.36,3.92,2.69,A+,--,2010-2014,2011- 7- 216-KCA,2011
,40,Joey Housey,21,R,Jr,Reliever,2,0,12,0,0,0,12,0,0,17.1,15,9,6,1,6,22,4,0,3,3.12,1.21,7.79,0.52,3.12,11.42,4.67,3.67,A+,--,2009-2014,2012- 27- 832-CIN,2011
,3,Brando Tessar,20,R,Fr,Rel/St,1,1,13,1,0,0,12,0,0,17.1,18,6,4,0,10,10,4,0,1,2.08,1.62,9.35,0.00,5.19,5.19,3.12,1.00,College,--,2011-2014,2014- 25- 750-ARI,2011
,27,Porter Clayton,18,L,--,Rel/St,0,1,22,3,0,0,19,0,1,16.2,19,13,11,0,14,9,4,0,2,5.94,1.98,10.26,0.00,7.56,4.86,7.02,0.64,A,--,2011-2017,2015- 19- 568-TBA,2011
,44,Jeff Gold,0,R,Fr,Rel/St,1,0,6,1,0,0,5,0,0,10.2,10,4,4,1,1,14,0,0,1,3.37,1.03,8.44,0.84,0.84,11.81,3.37,14.00,College,--,2011-2014,--,2011
,25,Ryon Healy,19,R,Fr,St/Rel,0,0,3,2,0,0,1,0,0,8.2,9,4,4,1,2,8,0,0,0,4.15,1.27,9.35,1.04,2.08,8.31,4.15,4.00,MLB,2016-2020,2011-2020,2013- 3- 100-OAK,2011
,30,James Sherfy,19,R,Fr,Reliever,0,0,2,0,0,0,2,0,0,1.1,8,7,5,1,0,0,0,0,0,33.75,6.00,54.00,6.75,0.00,0.00,47.25,--,MLB,2017-2021,2011-2022,2013- 10- 300-ARI,2011
,--,Brandon Brennan,19,R,Rs,,0,0,0,0,0,0,0,0,0,0.0,0,0,0,0,0,0,0,0,0,--,--,--,--,--,--,--,--,MLB,2019-2021,2011-2023,2012- 4- 141-CHA,2011
,--,Totals,--,--,--,--,33,26,183,60,3,0,123,0,17,545.2,469,214,181,13,202,500,42,8,38,2.99,1.23,7.74,0.21,3.33,8.25,3.53,2.48,--,--,--,0,2011
